src,dst,amount,timestamp,label
38,32,1081.2246878470917,2026-03-21 21:09:46.700940,0
28,21,805.1999340202877,2026-03-05 12:40:58.700940,0
14,20,910.0002153052418,2026-03-24 21:37:27.700940,0
42,5,1531.701955969009,2026-03-05 23:36:58.700940,0
7,5,655.6661171220317,2026-03-18 03:45:05.700940,0
20,47,41.60783038805512,2026-04-01 12:30:31.700940,1
38,3,179.1260450716679,2026-03-09 14:16:06.700940,0
18,29,577.3344695893047,2026-03-16 08:01:47.700940,0
22,10,1290.3536887507212,2026-03-26 12:49:15.700940,0
10,29,899.6269675949956,2026-03-31 02:32:52.700940,0
10,30,1050.663009009994,2026-03-24 18:24:02.700940,0
23,2,652.5407521388639,2026-03-12 09:12:23.700940,0
35,8,956.4411341042635,2026-03-24 21:02:21.700940,0
39,2,399.0121301494289,2026-03-13 12:57:56.700940,0
23,30,635.2228463167407,2026-03-26 04:35:26.700940,1
2,39,1363.6685290740018,2026-04-02 06:13:31.700940,0
21,36,2054.419453406655,2026-03-26 06:43:29.700940,0
1,35,568.5524355070521,2026-03-30 12:35:44.700940,0
23,5,44.64351401166214,2026-03-04 16:50:11.700940,1
43,30,176.3464960516827,2026-03-26 03:58:24.700940,0
29,5,21.081807175387873,2026-03-29 12:37:28.700940,0
37,1,1059.1887669587877,2026-03-05 20:31:26.700940,1
1,19,403.93821243954915,2026-03-30 18:52:19.700940,0
20,27,781.9316974757093,2026-03-12 08:08:29.700940,0
32,10,679.7904734131731,2026-03-24 14:19:55.700940,0
11,3,85.04221475636724,2026-03-28 15:34:37.700940,0
21,14,516.2760522751064,2026-03-24 12:26:24.700940,0
43,5,249.18100911037487,2026-03-07 09:46:00.700940,0
24,48,541.9719893991602,2026-03-22 12:40:23.700940,0
48,29,227.6264348664426,2026-03-21 03:01:18.700940,1
26,37,1835.4130080195832,2026-03-31 15:33:10.700940,1
41,1,191.3945965123914,2026-03-16 18:22:27.700940,0
27,14,3238.58251968396,2026-03-14 06:30:00.700940,1
15,10,537.6956891212676,2026-03-27 03:12:51.700940,0
14,7,1872.39675175001,2026-03-17 00:26:52.700940,0
46,25,990.9195040212751,2026-03-24 00:30:39.700940,0
43,44,1329.3482092098661,2026-03-24 00:45:56.700940,0
2,43,1459.8284773250298,2026-03-31 06:42:35.700940,0
36,4,702.8841955904473,2026-03-22 14:22:48.700940,0
6,5,783.7297047591895,2026-03-19 16:52:20.700940,0
20,25,721.5381526666057,2026-03-08 19:18:32.700940,1
8,3,886.8736340656058,2026-03-08 02:39:09.700940,0
38,18,29.835119542856464,2026-03-09 06:25:59.700940,0
17,19,503.3787041123371,2026-03-09 19:03:09.700940,0
3,32,931.8834528555908,2026-03-23 18:35:35.700940,0
24,19,910.6157780678421,2026-03-26 20:49:41.700940,1
13,48,1574.8244048530673,2026-03-20 12:54:56.700940,0
49,11,1064.237931395727,2026-03-29 12:12:51.700940,0
8,46,4845.118695536995,2026-04-03 09:01:52.700940,0
25,0,333.87196032390034,2026-03-29 05:43:50.700940,0
1,25,444.96146552715703,2026-03-25 11:38:13.700940,0
19,13,484.26021614304904,2026-03-20 14:42:59.700940,0
27,37,627.0089527985454,2026-03-18 02:29:45.700940,0
46,36,1807.8770450154939,2026-03-07 04:05:03.700940,0
6,10,268.9153985101718,2026-03-16 14:52:01.700940,0
43,35,1496.1101513928345,2026-03-31 22:37:06.700940,1
7,12,519.7153254794885,2026-03-28 21:05:52.700940,0
46,42,920.9399820629529,2026-03-11 02:52:43.700940,0
34,2,1001.1422609054805,2026-03-18 15:16:45.700940,0
13,32,466.5673594913069,2026-03-29 03:21:44.700940,0
16,5,718.7013348427037,2026-03-06 15:50:18.700940,0
35,49,532.7835689931285,2026-03-16 06:14:39.700940,0
49,9,71.63863936027914,2026-03-30 04:38:50.700940,0
39,4,574.7694574395674,2026-03-16 18:07:41.700940,0
3,22,102.46847115685958,2026-03-06 23:12:15.700940,1
1,9,519.2288304850128,2026-03-20 21:56:47.700940,1
5,43,898.7416218215359,2026-03-30 11:46:34.700940,0
41,1,866.1084403626207,2026-03-22 08:19:38.700940,1
3,12,1086.5491784593519,2026-03-11 10:14:33.700940,1
28,39,100.10933610481139,2026-03-16 03:58:27.700940,0
17,1,1055.9070157580356,2026-03-18 03:24:37.700940,0
25,19,374.1816628940496,2026-03-22 00:23:36.700940,0
43,0,509.23679684872604,2026-03-27 10:03:15.700940,1
33,36,1951.8314227047924,2026-03-07 14:30:38.700940,0
9,8,9.071425374614215,2026-03-31 07:52:16.700940,1
35,16,887.7339687406306,2026-03-05 00:11:04.700940,0
13,8,913.0808393460111,2026-03-15 17:45:33.700940,0
30,10,505.2740230305525,2026-03-05 11:03:51.700940,0
47,14,270.53375833579236,2026-03-16 10:15:47.700940,0
14,23,267.4534421320255,2026-03-20 09:54:24.700940,1
7,37,2151.6653670307132,2026-03-19 23:43:56.700940,0
13,34,583.4399981692919,2026-03-09 14:34:26.700940,0
22,29,401.8058558293274,2026-03-24 00:15:17.700940,0
39,30,595.6168740279843,2026-03-05 23:33:43.700940,1
20,48,1106.8170603184412,2026-03-27 11:53:40.700940,0
15,4,157.53907691855102,2026-04-02 00:54:20.700940,0
44,43,596.8081396942497,2026-03-14 19:57:18.700940,0
17,49,886.4513163635052,2026-03-20 03:44:02.700940,0
46,13,2967.793323369221,2026-03-16 00:08:13.700940,0
23,10,291.0581410640721,2026-03-04 20:09:11.700940,0
25,8,445.11708098989897,2026-03-16 05:09:04.700940,0
24,33,477.0018033196525,2026-03-28 09:21:36.700940,0
44,11,930.2328674424265,2026-03-22 12:26:01.700940,0
40,34,441.1939277664336,2026-03-07 16:13:43.700940,0
28,34,762.5228223648853,2026-03-30 01:15:43.700940,0
14,0,1522.2988887147123,2026-03-20 13:42:11.700940,0
44,39,1222.087876326366,2026-03-29 21:21:44.700940,0
0,21,591.2562406476338,2026-03-22 01:04:52.700940,0
24,28,1996.6911996296908,2026-03-21 10:17:50.700940,0
6,7,816.7627540303303,2026-03-07 19:06:29.700940,0
8,10,776.3241137121937,2026-03-09 15:49:14.700940,0
23,40,34.78583834104267,2026-04-02 19:10:47.700940,0
0,36,4319.463590293386,2026-03-11 11:49:55.700940,1
43,13,131.21500156484996,2026-04-02 23:05:13.700940,0
7,29,262.83456119560327,2026-03-20 14:17:55.700940,0
23,34,53.081035910341164,2026-03-08 17:05:23.700940,1
10,20,1021.6594887795895,2026-03-07 14:49:09.700940,0
16,36,254.5067458451553,2026-03-10 21:42:13.700940,0
7,4,198.46366743012044,2026-04-01 09:46:49.700940,1
34,18,92.72466776863307,2026-03-17 01:30:35.700940,0
34,13,109.04391006032594,2026-03-16 12:02:03.700940,0
32,25,878.6835804910758,2026-03-14 00:49:48.700940,0
4,3,1165.4185499588916,2026-03-09 01:12:22.700940,0
41,24,506.46678476305027,2026-03-19 06:34:28.700940,1
38,44,653.7285669750024,2026-03-08 12:57:21.700940,1
40,41,1158.2595467059252,2026-03-29 16:52:02.700940,0
27,24,17.532591766733713,2026-03-15 18:00:26.700940,0
6,17,390.2770188910276,2026-03-15 21:10:48.700940,0
8,39,3615.545281021227,2026-03-18 20:36:22.700940,1
7,8,867.767816973266,2026-03-17 23:05:37.700940,0
11,38,293.33076954064984,2026-04-03 11:37:09.700940,1
33,39,737.5799499141425,2026-03-20 23:59:45.700940,1
32,13,419.54398419104115,2026-03-07 06:49:36.700940,0
47,31,759.8106005262645,2026-03-22 20:16:24.700940,0
22,37,134.3791939712855,2026-03-09 04:27:44.700940,0
23,32,142.38723734046854,2026-03-05 13:35:48.700940,0
36,22,154.95042191501966,2026-04-02 18:15:21.700940,0
34,14,2810.411750272784,2026-03-27 20:16:10.700940,0
43,32,1320.128109235117,2026-04-03 01:00:00.700940,0
39,24,177.19300392676286,2026-03-18 23:23:38.700940,0
21,16,208.68493737185932,2026-03-20 14:32:49.700940,0
26,32,1312.4101778111365,2026-03-09 16:31:27.700940,0
34,46,169.796932132314,2026-03-12 01:05:42.700940,1
0,1,267.30613676333826,2026-03-29 19:04:37.700940,0
34,13,3306.255437477309,2026-03-15 07:46:31.700940,1
36,39,294.78258785680265,2026-03-29 10:37:42.700940,0
46,39,1083.6222538433344,2026-03-25 21:48:41.700940,0
13,38,3845.8274548223785,2026-03-09 22:53:05.700940,1
2,5,468.87908920163954,2026-03-19 20:40:58.700940,1
0,5,17.671211057748515,2026-03-24 23:02:25.700940,0
4,2,279.9087503851856,2026-03-11 16:32:54.700940,0
25,6,1777.1301495105618,2026-03-29 13:25:02.700940,1
13,7,1999.5871787946442,2026-03-20 23:35:51.700940,0
38,41,1463.2590570054756,2026-03-09 14:17:45.700940,0
26,14,120.03411389404549,2026-03-22 03:04:13.700940,0
8,46,1587.2380221272733,2026-04-03 15:06:56.700940,0
14,28,2509.3362000024154,2026-03-09 03:41:49.700940,0
14,32,917.8157504897416,2026-03-29 03:23:11.700940,0
25,29,2828.107459047649,2026-03-10 20:35:02.700940,0
41,38,1753.5328098587818,2026-03-28 02:38:28.700940,0
12,26,1099.5272580977253,2026-03-26 16:13:03.700940,1
31,35,860.8211076953584,2026-03-13 15:40:26.700940,1
38,28,428.59096209058004,2026-03-14 09:54:51.700940,1
48,37,173.50546725762032,2026-03-28 09:56:13.700940,0
31,32,928.7528694679103,2026-03-18 11:33:44.700940,0
3,36,382.88920287245116,2026-03-26 13:30:38.700940,0
29,26,2013.1944873739799,2026-03-09 01:52:12.700940,0
36,32,5011.176044069447,2026-03-30 05:09:47.700940,0
22,3,1396.0528713387262,2026-03-25 23:09:31.700940,1
38,21,94.84015509900108,2026-03-31 20:19:13.700940,0
44,1,340.6407465418211,2026-03-08 14:37:47.700940,0
14,9,115.53390258993781,2026-03-22 10:17:31.700940,0
42,4,1051.285044878553,2026-03-22 14:41:18.700940,0
28,9,1448.9822844417306,2026-03-15 05:48:48.700940,0
35,32,2599.3056346980993,2026-03-18 09:25:02.700940,0
12,37,576.560142333646,2026-03-05 18:40:06.700940,0
31,12,2316.437086285894,2026-03-27 00:20:27.700940,0
6,30,2102.842492962841,2026-03-21 02:50:01.700940,0
21,46,381.5470150372953,2026-03-06 08:53:42.700940,1
27,35,2031.7996597003805,2026-03-25 01:27:57.700940,0
1,44,471.07981113254743,2026-03-18 15:24:17.700940,1
41,23,352.21245077490426,2026-03-05 16:08:01.700940,0
44,14,1047.1817812587167,2026-04-02 17:26:21.700940,1
5,28,398.0644028368647,2026-04-02 02:40:56.700940,0
27,7,994.8166172292886,2026-03-20 00:36:41.700940,0
27,4,941.177364875674,2026-03-07 10:45:56.700940,0
43,28,828.8269990530715,2026-03-27 06:38:56.700940,1
43,46,478.7129724828657,2026-03-19 09:30:43.700940,1
19,3,795.179289628004,2026-03-13 17:05:01.700940,1
29,11,907.542794362215,2026-03-19 09:08:33.700940,1
10,44,788.9686457384053,2026-03-20 07:28:53.700940,1
27,1,587.7416808660787,2026-03-21 12:28:26.700940,0
24,26,14.775681772622356,2026-03-17 21:00:09.700940,1
38,30,884.4571105043644,2026-03-22 19:27:55.700940,1
32,35,184.457097610172,2026-04-01 04:48:38.700940,0
0,35,1028.8324399810954,2026-03-15 12:09:16.700940,0
26,25,1424.388113690986,2026-03-26 09:50:15.700940,0
12,42,694.0381956575093,2026-03-31 11:19:39.700940,0
40,26,781.6804386154672,2026-03-18 07:37:36.700940,0
2,4,3025.749509979848,2026-03-17 22:36:35.700940,1
38,19,1878.4118214770845,2026-03-22 16:50:45.700940,0
5,10,2456.161956918959,2026-03-22 09:08:04.700940,0
7,9,1680.7528796116912,2026-03-28 20:03:57.700940,1
26,39,115.31920795172752,2026-03-18 22:23:22.700940,0
8,37,161.33358050178694,2026-04-03 12:31:48.700940,1
36,5,747.8648520059928,2026-03-06 10:08:28.700940,1
32,7,282.45530091573795,2026-03-04 17:36:09.700940,0
41,22,647.5917186724301,2026-03-23 20:15:52.700940,0
43,46,501.4783192814175,2026-03-13 14:11:41.700940,0
23,25,797.2068503080429,2026-03-11 20:23:49.700940,1
14,45,1373.8746703038944,2026-03-13 23:53:20.700940,0
31,42,1256.9900649397598,2026-03-12 07:40:33.700940,0
31,11,736.543595402753,2026-03-05 13:29:25.700940,0
23,25,1728.184392900373,2026-04-02 18:49:31.700940,0
40,12,563.6325043422071,2026-03-11 06:15:30.700940,1
48,39,2270.2562458245457,2026-03-26 15:49:23.700940,1
48,17,73.94827573451191,2026-03-27 12:23:27.700940,0
11,24,3093.566296304991,2026-04-01 12:23:13.700940,0
38,32,1063.3216383876932,2026-03-05 13:19:02.700940,0
1,46,478.1559838698482,2026-03-30 19:11:47.700940,0
2,39,219.59252190483716,2026-03-20 10:55:28.700940,0
48,42,652.3569870770497,2026-03-23 14:45:12.700940,1
36,11,216.36448517563895,2026-03-23 23:20:24.700940,0
48,43,181.9195668944926,2026-03-29 05:34:33.700940,1
16,35,960.6391384794015,2026-03-14 15:22:29.700940,0
48,47,740.4164235383489,2026-03-26 15:07:06.700940,0
1,3,1108.953680846945,2026-03-20 11:53:52.700940,0
1,4,2653.6455054111007,2026-03-28 10:33:55.700940,0
27,36,759.8431491043594,2026-04-03 08:30:53.700940,1
22,7,869.7222081565656,2026-03-10 15:47:25.700940,1
36,41,93.90014743779894,2026-04-03 11:28:07.700940,1
31,48,1264.5575020324115,2026-03-07 07:59:11.700940,0
32,27,510.66764758514495,2026-03-04 16:59:25.700940,0
0,30,3760.385709902895,2026-03-05 23:07:05.700940,0
18,8,1732.5891689649352,2026-03-14 21:24:17.700940,1
1,28,739.1514141241969,2026-03-23 15:00:51.700940,0
43,13,131.50220045356932,2026-03-06 17:01:22.700940,0
25,39,1961.9486336572606,2026-03-04 19:24:03.700940,0
31,40,1608.343988107662,2026-04-01 18:01:37.700940,0
5,21,204.05825174712848,2026-03-29 07:06:31.700940,0
31,10,349.9522905815314,2026-03-28 21:56:00.700940,0
3,22,1577.0058543166122,2026-03-31 04:06:25.700940,1
10,0,204.84750754552522,2026-03-25 15:20:46.700940,0
16,45,2498.0221532763953,2026-03-07 18:29:33.700940,1
37,36,552.5637065106436,2026-03-16 14:40:25.700940,0
23,20,91.06207464023888,2026-03-26 07:59:21.700940,0
4,25,1691.4543856835148,2026-03-13 01:09:44.700940,0
33,45,467.6219605330337,2026-03-25 06:15:15.700940,0
5,35,747.6016644646984,2026-03-05 08:57:37.700940,0
21,22,119.12632492819684,2026-03-13 19:44:25.700940,0
10,0,2.587359173781069,2026-03-21 02:41:43.700940,0
47,39,1016.0702000171232,2026-03-23 14:25:34.700940,0
15,14,723.9676292302332,2026-03-21 22:47:27.700940,0
32,20,900.2662354875097,2026-03-25 13:42:22.700940,0
8,46,1578.6364378749543,2026-03-04 19:42:20.700940,0
5,8,1040.171452181813,2026-03-07 15:59:57.700940,0
15,8,192.0973155924917,2026-03-30 16:57:41.700940,0
28,9,447.49489282375293,2026-03-25 02:10:50.700940,0
2,25,2363.3027075041205,2026-03-08 00:37:56.700940,1
19,40,1469.4355652701363,2026-03-29 21:36:54.700940,1
35,34,813.3665620556651,2026-03-11 21:43:41.700940,0
18,24,295.237204468408,2026-03-18 23:40:07.700940,1
25,5,359.6228588230041,2026-03-08 23:51:47.700940,0
2,10,1316.6118464778247,2026-03-25 22:36:03.700940,0
18,37,1904.9791934021578,2026-03-24 15:27:24.700940,0
19,1,1112.9891508491123,2026-03-10 23:19:21.700940,0
31,6,1658.2604499118615,2026-03-30 12:58:12.700940,0
6,17,1455.2420987699861,2026-03-16 16:15:43.700940,0
40,26,162.17071713892142,2026-03-13 09:55:57.700940,0
32,33,551.551811961412,2026-03-09 04:59:56.700940,0
39,26,166.03545916298478,2026-03-12 14:57:45.700940,0
38,16,268.18744657269093,2026-03-05 07:10:51.700940,1
17,42,2034.5417898444507,2026-03-22 03:16:01.700940,0
39,43,640.3497526516414,2026-03-29 21:43:40.700940,0
0,23,766.488281572559,2026-03-21 02:35:15.700940,0
10,24,196.55756792573067,2026-03-11 05:11:56.700940,0
27,6,374.3615569584269,2026-03-05 15:33:48.700940,0
24,5,261.6845145060834,2026-03-11 01:51:13.700940,0
49,23,230.90630935501295,2026-03-17 02:55:44.700940,0
22,32,1016.0027672640224,2026-03-27 10:14:30.700940,1
30,48,296.90291760724756,2026-03-10 06:34:06.700940,1
29,28,999.7144232758845,2026-03-26 05:34:17.700940,0
41,42,60.23272610792889,2026-03-30 15:30:49.700940,0
34,21,152.8882694509418,2026-03-18 06:09:48.700940,0
6,25,320.9496926908416,2026-03-29 06:45:09.700940,0
15,27,908.9351429086921,2026-03-21 06:40:29.700940,0
25,49,1126.5218988946935,2026-03-23 18:01:37.700940,0
47,20,584.6820294771754,2026-03-20 10:14:31.700940,1
48,8,590.2132529258687,2026-03-18 12:48:21.700940,0
1,6,1289.2288188610755,2026-03-11 16:16:19.700940,1
0,16,15.947581145247826,2026-03-13 17:37:17.700940,1
47,19,417.16836151119094,2026-03-13 08:06:00.700940,0
11,40,1707.641087071226,2026-03-21 12:53:22.700940,1
4,48,924.371821636266,2026-03-08 05:41:17.700940,1
36,19,411.322930832862,2026-04-01 03:24:42.700940,1
31,21,2359.41783159789,2026-03-26 06:11:36.700940,0
8,27,1481.144647468707,2026-03-16 16:21:45.700940,0
40,39,307.74254122817575,2026-03-09 09:31:51.700940,0
34,48,1036.4542667128405,2026-03-31 02:21:21.700940,0
18,6,905.7235818597694,2026-03-29 08:26:30.700940,0
47,0,512.8074430047171,2026-03-26 06:57:40.700940,0
15,31,457.2154741025035,2026-03-12 18:50:07.700940,1
2,12,420.92470642931033,2026-03-16 17:04:59.700940,0
19,29,960.1271177030875,2026-03-07 17:18:01.700940,0
23,22,584.1312397818865,2026-03-10 07:25:48.700940,0
32,18,1782.9768292750136,2026-03-28 03:05:37.700940,0
23,31,1107.4591554476608,2026-03-26 02:08:58.700940,0
10,29,72.49715329101367,2026-03-22 10:37:53.700940,0
48,28,1022.1186451568076,2026-03-31 12:14:41.700940,0
7,48,316.2838122839483,2026-03-22 03:16:24.700940,0
35,44,898.480263230101,2026-03-18 15:32:19.700940,0
37,28,1139.8466528993536,2026-03-14 20:23:18.700940,0
39,29,262.44221340564627,2026-04-01 20:26:40.700940,0
19,15,610.3856704223002,2026-03-07 02:52:36.700940,0
34,39,211.1221769725398,2026-04-01 13:33:38.700940,1
47,18,53.758304542387265,2026-03-29 10:33:22.700940,0
24,17,475.5814338930665,2026-03-08 12:52:16.700940,1
34,0,450.89814190847875,2026-03-21 14:06:37.700940,0
24,13,5399.3518539200995,2026-03-30 15:14:10.700940,0
28,46,591.2268075690496,2026-03-21 19:01:27.700940,0
17,49,405.8194951041192,2026-03-31 20:30:19.700940,1
45,1,868.6321761051009,2026-04-01 22:16:12.700940,0
17,27,92.9570840255589,2026-03-17 07:26:18.700940,1
1,48,3261.411160142082,2026-03-15 22:59:15.700940,0
34,49,1007.7484672562509,2026-04-01 17:28:22.700940,0
15,29,1405.835328010799,2026-03-24 21:25:21.700940,0
40,37,186.90557316995785,2026-03-08 02:51:28.700940,0
35,3,526.7481385530359,2026-03-05 21:46:18.700940,0
32,0,549.3743593002083,2026-03-21 13:51:16.700940,1
3,7,1724.8849256603482,2026-04-01 13:02:41.700940,0
32,28,1.2374450788582254,2026-03-29 23:10:50.700940,0
13,38,357.8944134084074,2026-03-24 21:55:55.700940,0
20,2,3975.8350888483733,2026-03-08 19:29:06.700940,0
47,31,644.140932131196,2026-03-12 06:22:05.700940,1
19,9,482.1187704852775,2026-03-30 21:41:23.700940,0
7,9,127.63907449773367,2026-03-10 02:56:34.700940,0
6,18,3656.0107425839888,2026-03-12 23:47:52.700940,0
2,45,20.229601481025924,2026-03-08 12:38:02.700940,1
16,33,1336.2867478938022,2026-03-24 22:07:10.700940,1
32,38,1463.606620612322,2026-04-01 22:59:20.700940,0
47,22,279.259926584803,2026-03-12 16:58:43.700940,0
11,27,1113.3963674274,2026-03-18 21:36:51.700940,1
21,31,97.5347110576254,2026-03-23 16:02:46.700940,0
21,49,297.1228519434979,2026-04-03 14:56:14.700940,0
45,6,1550.7067917706916,2026-03-07 18:47:00.700940,0
29,28,2000.1586945672166,2026-03-19 14:17:33.700940,0
37,7,937.7350583036828,2026-03-16 04:36:29.700940,0
37,0,706.9184341273279,2026-03-30 14:42:43.700940,0
44,2,173.5251833181008,2026-03-18 22:01:06.700940,0
7,23,65.18836752643162,2026-03-07 23:13:31.700940,0
26,22,125.16537522653066,2026-03-23 16:06:25.700940,1
26,7,257.9385624750664,2026-03-27 18:17:01.700940,1
33,46,418.05579200142523,2026-03-04 17:23:46.700940,0
20,36,479.50385463732215,2026-03-30 09:46:13.700940,1
29,2,425.14004949771186,2026-03-10 05:15:29.700940,0
32,30,273.1946336158008,2026-03-21 04:48:41.700940,1
27,31,712.7872844372356,2026-03-17 02:41:45.700940,1
46,40,1744.6055471608968,2026-03-26 05:28:20.700940,0
32,7,328.0923995957336,2026-03-15 18:33:28.700940,0
4,33,2854.0073738622214,2026-03-30 17:33:04.700940,0
47,34,2066.222592042275,2026-03-26 13:16:44.700940,1
18,31,176.45584737582627,2026-03-24 01:40:30.700940,1
3,23,1543.0696136600186,2026-03-28 12:36:53.700940,0
34,13,854.6957159077912,2026-03-27 06:13:05.700940,0
48,31,836.0373437139692,2026-03-05 17:11:51.700940,0
16,45,496.00723222400245,2026-03-16 11:31:49.700940,0
43,42,695.4558418327555,2026-04-01 13:30:10.700940,0
27,15,506.1346061959382,2026-03-08 09:50:35.700940,0
29,3,775.9476948018861,2026-03-26 18:01:52.700940,0
28,36,988.7271669817362,2026-04-02 21:01:39.700940,0
45,20,1121.790253624392,2026-03-06 04:54:16.700940,0
5,13,760.3157012431836,2026-03-25 02:30:04.700940,0
34,30,1278.0574287015127,2026-03-18 16:23:33.700940,0
40,47,152.31009889081963,2026-03-22 00:19:40.700940,0
36,17,238.2349697039011,2026-03-07 04:46:02.700940,1
23,6,1707.7952525278408,2026-03-05 22:17:12.700940,1
28,9,389.3870227952385,2026-03-24 15:27:56.700940,0
48,6,23.159958305744432,2026-03-29 08:06:16.700940,0
45,32,166.98908183811417,2026-03-28 02:22:21.700940,1
30,22,253.1060194318631,2026-03-20 22:51:42.700940,0
34,20,3154.0925187223115,2026-03-07 15:13:32.700940,0
32,18,851.0682937178316,2026-03-25 06:42:49.700940,0
20,47,2699.0519145309204,2026-03-11 21:28:53.700940,0
31,18,856.0505380503989,2026-03-31 23:17:28.700940,0
22,35,652.6857761091511,2026-03-29 18:52:21.700940,1
32,28,376.48077840859503,2026-03-25 22:04:38.700940,1
2,17,932.346296491448,2026-04-02 02:29:26.700940,1
17,1,149.89079475560732,2026-03-05 13:56:43.700940,0
24,0,2285.3507343360934,2026-03-26 17:23:09.700940,1
41,46,1768.0375040002375,2026-03-14 13:05:47.700940,0
30,4,382.0388304596943,2026-03-31 19:41:20.700940,0
2,19,3053.3090064339713,2026-03-12 15:19:40.700940,0
39,10,1744.117206019585,2026-03-26 09:13:06.700940,1
45,41,1097.5335282445408,2026-03-30 23:13:39.700940,1
23,1,129.83755026836332,2026-03-05 21:18:52.700940,1
49,2,650.5361116404268,2026-03-16 13:37:40.700940,0
31,22,705.4375078610126,2026-03-27 12:11:03.700940,0
46,11,264.68371819676685,2026-03-18 06:51:47.700940,1
21,19,83.34399481962521,2026-03-12 15:44:36.700940,1
22,4,1499.3449496125809,2026-03-11 05:34:53.700940,1
1,36,130.14860883688513,2026-03-08 14:00:53.700940,1
26,37,902.118510315732,2026-03-30 08:27:17.700940,0
41,29,2755.9152819608366,2026-03-21 21:34:39.700940,0
1,8,2088.3224008139928,2026-03-06 22:19:07.700940,0
25,33,325.38757238626226,2026-03-16 02:46:46.700940,0
16,43,1906.8245054647234,2026-03-15 16:05:23.700940,1
39,34,0.33256141290653896,2026-03-10 02:10:25.700940,0
32,21,17.846108333786134,2026-03-17 16:53:13.700940,0
8,43,922.6940993491211,2026-03-14 14:25:59.700940,0
42,23,453.8125654393652,2026-03-14 21:25:13.700940,0
47,16,488.5111882766816,2026-03-26 19:25:14.700940,1
38,9,831.1252235915395,2026-03-11 08:04:16.700940,1
28,29,212.92401857023697,2026-03-23 21:27:39.700940,1
41,45,237.94676861105967,2026-03-21 18:11:21.700940,0
25,22,662.8150599670312,2026-03-21 16:20:53.700940,0
34,31,1403.4549426178216,2026-03-24 12:41:13.700940,0
49,16,966.263192125158,2026-03-21 02:09:24.700940,0
24,49,352.90356202938244,2026-03-31 00:23:07.700940,0
23,16,562.710632671388,2026-03-24 21:44:21.700940,0
12,13,187.1308130100595,2026-03-21 01:08:06.700940,1
6,8,77.5614208119912,2026-03-29 12:45:04.700940,0
35,39,1526.4581716563296,2026-03-22 19:44:49.700940,1
44,1,308.4120060595358,2026-03-13 08:56:43.700940,0
19,44,195.73072460869508,2026-03-10 20:25:48.700940,0
0,24,1176.4161849514585,2026-03-09 04:59:51.700940,1
7,38,962.4699525288845,2026-03-31 14:55:45.700940,0
45,8,1002.9102565937258,2026-03-25 22:37:09.700940,0
15,21,259.9302154702713,2026-04-01 18:14:02.700940,0
13,42,264.8064442939849,2026-03-22 17:41:30.700940,0
11,45,249.4909016410767,2026-03-18 20:10:13.700940,0
22,3,190.86102931865753,2026-03-06 10:19:03.700940,1
14,25,1066.3106666263448,2026-03-24 18:54:14.700940,1
27,28,1883.9792718169713,2026-03-22 02:30:43.700940,1
33,44,1288.5053277647398,2026-04-03 08:16:19.700940,0
1,33,1570.6674629445938,2026-03-11 19:30:57.700940,1
31,22,518.855156160958,2026-03-20 13:27:09.700940,0
22,36,1061.5355896907274,2026-03-24 04:00:39.700940,0
21,10,437.32153936602583,2026-03-23 23:25:38.700940,0
24,5,745.5034016932731,2026-03-21 11:27:10.700940,0
21,17,657.0753555993505,2026-03-27 22:42:35.700940,0
21,20,194.66196151384665,2026-03-10 18:54:29.700940,0
48,41,489.5188347192745,2026-03-26 09:46:23.700940,1
41,35,3319.3116943690616,2026-03-23 05:31:50.700940,1
5,40,285.7908721854838,2026-03-31 12:29:44.700940,0
14,37,143.64376362523902,2026-03-30 01:18:05.700940,1
42,33,542.2829608726246,2026-03-14 02:13:39.700940,1
36,16,1562.2573089134166,2026-03-12 22:12:45.700940,0
32,36,872.628526047249,2026-04-03 02:06:43.700940,1
7,24,1142.4852678317823,2026-03-20 10:57:09.700940,0
43,37,210.3443716122791,2026-03-31 19:56:41.700940,1
43,11,964.8199367416968,2026-03-09 13:18:57.700940,0
4,22,390.8234151282626,2026-03-23 22:09:04.700940,0
38,41,1797.5966683031215,2026-03-28 22:25:15.700940,0
3,21,992.3589479262301,2026-04-02 01:26:46.700940,0
5,20,221.71491951388398,2026-03-14 18:12:23.700940,0
44,26,66.79886562621132,2026-03-26 09:18:29.700940,1
31,30,43.5686895764864,2026-03-20 19:16:01.700940,0
29,5,464.27378444451875,2026-03-06 10:58:28.700940,0
46,26,309.0434598333463,2026-03-25 08:07:17.700940,0
34,39,1038.7129843131754,2026-03-25 08:11:28.700940,0
39,33,691.815737281299,2026-04-01 13:21:30.700940,1
15,11,309.27251502504237,2026-03-19 13:23:11.700940,0
12,44,161.62259949823334,2026-03-11 13:06:08.700940,0
49,6,136.04857256534044,2026-03-05 23:24:27.700940,1
41,9,1999.9680456288172,2026-03-17 02:35:02.700940,0
29,44,279.0236231174736,2026-03-13 16:42:06.700940,1
18,16,1054.7216731684096,2026-03-27 11:18:18.700940,1
16,25,1664.347886426008,2026-03-15 06:23:40.700940,1
18,20,952.1285824449474,2026-04-02 02:39:10.700940,1
27,49,1963.0121802053488,2026-04-02 12:11:06.700940,0
25,45,498.2281750822979,2026-03-23 06:22:33.700940,1
36,1,3128.628225803766,2026-04-01 11:57:25.700940,0
25,42,142.88356437609588,2026-03-27 11:08:12.700940,0
22,0,107.75173864020259,2026-03-21 01:03:38.700940,1
8,35,1074.9704119291464,2026-03-10 01:08:36.700940,0
11,25,2861.745959154153,2026-03-18 09:30:43.700940,0
0,28,1654.8718884995226,2026-03-21 11:09:04.700940,0
0,20,79.49445571566619,2026-03-30 13:22:26.700940,1
46,10,327.6262772515108,2026-03-19 01:52:54.700940,0
33,39,2663.82594251635,2026-03-31 13:38:50.700940,0
31,10,291.7683202031441,2026-03-24 20:51:10.700940,1
47,35,1519.462042921131,2026-03-08 17:57:39.700940,1
24,48,1743.7249958278596,2026-04-03 11:42:29.700940,0
39,38,684.0925050644968,2026-03-20 10:55:45.700940,1
44,39,488.32876943618976,2026-03-16 09:27:34.700940,0
0,34,598.0632671151219,2026-03-24 09:53:00.700940,0
15,33,257.4305579129635,2026-03-07 21:43:29.700940,0
38,46,2201.7530606160094,2026-03-23 17:37:46.700940,0
4,23,598.9642845008159,2026-03-19 14:03:05.700940,1
21,11,2140.971817353798,2026-03-16 20:07:37.700940,1
28,4,111.70669893341442,2026-04-02 05:29:45.700940,0
2,32,4446.055077934503,2026-03-20 07:33:00.700940,0
11,35,585.6804419462843,2026-03-11 05:05:10.700940,0
25,46,49.012550309207384,2026-03-18 09:46:31.700940,1
15,19,38.763539839880906,2026-04-01 05:16:50.700940,1
36,18,1371.2373193898145,2026-03-09 22:06:37.700940,1
21,34,1075.9770130043264,2026-03-11 01:22:14.700940,0
28,42,1620.1478502599264,2026-03-05 00:42:10.700940,1
13,16,111.34229750932997,2026-03-05 01:32:18.700940,0
27,44,36.218924748502815,2026-03-29 12:29:01.700940,0
4,42,710.4546737668529,2026-03-26 14:26:59.700940,0
46,33,490.36182862338745,2026-03-15 06:57:04.700940,0
48,8,619.7980929609121,2026-03-25 14:06:20.700940,1
29,25,4778.144627919027,2026-03-16 11:52:11.700940,0
45,1,3531.874258148744,2026-04-02 05:24:26.700940,0
4,8,2852.7648598167007,2026-04-02 15:35:58.700940,0
11,8,1531.7487881170632,2026-03-16 10:07:59.700940,0
15,39,438.2590393377748,2026-03-30 06:21:41.700940,0
25,16,531.2510263931877,2026-03-27 19:56:44.700940,1
25,0,797.6548238366704,2026-03-13 22:31:17.700940,1
47,24,1775.1056554507695,2026-03-11 14:23:25.700940,0
20,42,71.18759869502652,2026-03-18 09:15:02.700940,0
38,39,552.1631780478295,2026-03-28 01:53:34.700940,1
35,41,86.23095082965564,2026-04-02 10:38:32.700940,0
32,24,722.9006300854771,2026-03-27 13:05:54.700940,0
29,38,2291.6533033967935,2026-03-30 07:04:14.700940,1
36,34,1525.4871185056775,2026-03-22 17:31:40.700940,0
22,2,258.56662743400943,2026-03-29 16:48:55.700940,0
9,49,3729.3202545808963,2026-03-28 04:06:16.700940,1
4,36,1100.6655893872557,2026-03-15 22:45:04.700940,0
35,43,10.482448794188612,2026-03-21 04:45:16.700940,0
33,43,294.92622767959983,2026-03-28 18:44:38.700940,0
30,29,302.0694764631108,2026-03-06 00:28:57.700940,0
9,37,71.76919292372052,2026-03-28 21:08:19.700940,0
18,33,3214.5481546544206,2026-03-09 23:24:04.700940,0
31,11,650.5768808020916,2026-03-20 01:53:37.700940,0
0,18,2261.5832494176684,2026-03-28 21:16:47.700940,0
4,36,388.9258932555384,2026-03-12 06:04:22.700940,1
44,43,133.79836589623204,2026-03-12 00:18:10.700940,1
3,48,643.0932627041014,2026-03-16 17:18:43.700940,1
15,16,120.98938455712369,2026-03-31 11:27:52.700940,0
23,9,665.5621754167398,2026-03-04 15:38:25.700940,1
15,48,2529.450326426281,2026-03-31 16:19:02.700940,0
1,46,735.5707524086996,2026-03-09 06:03:45.700940,1
48,11,958.4149460370967,2026-04-03 08:11:01.700940,1
27,15,170.35951254481995,2026-04-02 06:48:41.700940,0
31,23,44.72086219485819,2026-03-19 11:29:16.700940,0
26,18,117.44205125045721,2026-03-20 00:28:48.700940,1
19,7,912.626392982754,2026-03-19 02:02:13.700940,0
23,30,99.8332624290862,2026-03-23 16:50:27.700940,0
11,20,471.5935163528028,2026-03-07 08:38:28.700940,1
49,16,798.7120292215736,2026-03-05 14:48:23.700940,0
34,22,492.090230189031,2026-03-06 08:52:03.700940,0
32,36,178.7485094952626,2026-03-17 23:15:52.700940,1
32,15,319.91785024994607,2026-03-12 21:42:58.700940,0
42,5,2635.509091942616,2026-03-23 07:11:24.700940,0
36,7,1126.9570597056859,2026-04-03 09:52:48.700940,0
11,24,685.2739334314163,2026-03-16 05:28:27.700940,1
2,17,12.796416000686191,2026-03-21 20:29:14.700940,1
0,24,4881.635467769449,2026-03-17 02:33:23.700940,0
32,11,1113.0812659752112,2026-03-30 01:21:26.700940,1
39,14,381.14692269706444,2026-03-31 16:55:54.700940,0
9,25,2114.1875325346737,2026-03-30 23:01:03.700940,0
42,40,298.98790357346525,2026-04-02 20:52:10.700940,0
43,44,785.2988279856253,2026-03-05 11:08:07.700940,0
28,25,1010.7958360958311,2026-03-29 19:59:21.700940,0
12,46,249.82558616850582,2026-03-27 04:35:51.700940,1
11,31,3834.9359907731214,2026-03-11 11:58:53.700940,0
30,9,1379.088013245935,2026-04-02 07:52:19.700940,1
45,15,816.0229194435742,2026-03-09 02:00:35.700940,1
1,6,199.1763214762816,2026-03-25 00:35:51.700940,0
49,16,55.362834267912845,2026-03-11 09:14:33.700940,0
34,22,385.75047368469023,2026-03-17 13:54:56.700940,0
22,25,1399.1256751126093,2026-03-26 05:07:00.700940,1
16,20,313.7951344156331,2026-03-21 12:54:55.700940,0
25,21,775.5645165064185,2026-03-17 11:07:22.700940,1
7,6,1301.759028345342,2026-03-14 10:17:07.700940,0
28,13,114.22604822073463,2026-03-29 19:52:35.700940,1
25,14,1156.129170882944,2026-03-08 22:52:04.700940,0
9,6,96.36871633754077,2026-03-17 12:59:44.700940,0
25,8,3356.121023053684,2026-03-31 18:01:37.700940,0
33,47,670.2007356625437,2026-03-30 00:20:00.700940,0
40,7,163.31466684793014,2026-03-16 15:59:59.700940,0
6,49,419.13355117256754,2026-03-27 12:45:34.700940,0
3,22,533.4401645899957,2026-03-29 07:59:50.700940,1
49,28,1419.582353791899,2026-03-31 07:19:14.700940,1
44,17,1360.3295282001632,2026-03-20 23:21:56.700940,0
10,30,946.5966143542868,2026-03-10 18:32:00.700940,0
28,29,111.97200408081217,2026-03-12 07:08:39.700940,0
35,38,164.36695556144028,2026-03-13 12:13:18.700940,1
24,34,98.44770941681861,2026-03-22 10:51:34.700940,0
20,17,860.7916545118752,2026-03-05 14:56:40.700940,0
35,41,2096.697098249519,2026-03-23 17:16:20.700940,0
9,38,568.808811028823,2026-03-15 13:39:24.700940,0
36,16,175.36362816852318,2026-03-13 11:53:44.700940,0
8,13,816.5411597451349,2026-03-31 00:33:33.700940,1
23,30,1669.9961885505434,2026-03-18 10:31:24.700940,0
34,23,1353.6802757233525,2026-03-07 11:45:35.700940,0
48,34,2132.4270432533904,2026-03-29 10:34:45.700940,0
34,43,325.5945499037761,2026-03-06 01:37:24.700940,1
47,44,215.61430147298495,2026-03-26 10:34:51.700940,1
35,33,2118.735420546593,2026-03-27 20:32:02.700940,0
17,2,1071.659732488783,2026-03-15 05:11:43.700940,0
48,36,372.410863806967,2026-03-29 09:10:08.700940,0
38,42,1356.1456380518161,2026-03-20 02:35:47.700940,0
31,39,1688.039574847612,2026-03-18 12:53:35.700940,0
23,25,954.4554276970069,2026-03-06 00:00:43.700940,1
22,7,1164.380717447834,2026-03-13 08:08:33.700940,0
31,43,470.41956284238853,2026-04-01 13:38:55.700940,0
36,38,773.697296186378,2026-03-16 09:26:05.700940,0
11,14,742.6718729541363,2026-03-21 00:56:45.700940,0
48,7,1884.1892229087505,2026-03-20 14:22:38.700940,0
12,3,1832.3563658483843,2026-03-22 08:25:55.700940,0
22,28,1787.8499374983944,2026-03-06 11:28:47.700940,0
24,21,11.09291375757007,2026-03-15 12:05:18.700940,1
34,24,1384.4779496700046,2026-03-26 07:58:26.700940,1
40,12,1421.6164665914284,2026-03-10 15:43:30.700940,0
29,17,1134.380894514271,2026-03-10 17:53:53.700940,1
16,32,1411.6723058516511,2026-03-04 22:35:12.700940,1
48,15,1844.9727413625255,2026-03-17 18:18:31.700940,0
19,44,635.480442575315,2026-03-31 02:53:25.700940,0
47,41,697.256037339287,2026-03-06 04:41:25.700940,0
24,43,133.20465390816312,2026-03-10 08:55:37.700940,1
21,1,486.74438997648656,2026-03-13 22:34:57.700940,1
12,34,1031.0429336531297,2026-03-26 14:09:48.700940,1
18,41,1515.9465499815,2026-03-23 20:34:45.700940,1
48,33,244.88966551447953,2026-03-17 02:48:04.700940,0
35,29,148.2945760095459,2026-03-27 09:51:04.700940,1
11,12,1087.7969988329842,2026-03-22 22:15:21.700940,0
40,12,1.8816527235502043,2026-03-31 12:28:15.700940,1
18,17,196.46825226254532,2026-03-29 04:18:03.700940,0
11,31,29.50232559065282,2026-03-12 05:20:50.700940,0
8,31,182.5837325848691,2026-03-12 18:45:26.700940,0
6,34,200.0611123157777,2026-03-08 09:34:41.700940,0
27,38,490.4897967349374,2026-03-14 17:56:10.700940,0
13,45,514.7117059561076,2026-04-03 14:59:35.700940,1
30,28,2073.55864478267,2026-03-16 19:27:45.700940,0
18,48,713.5738160063239,2026-03-11 06:04:24.700940,0
46,28,1285.200089156182,2026-03-27 12:18:33.700940,0
15,43,109.96817900936513,2026-03-20 21:54:02.700940,1
4,15,255.45854602651724,2026-03-09 03:02:04.700940,1
34,43,1213.8327238945392,2026-03-16 01:25:05.700940,0
11,46,54.24919609902582,2026-03-17 01:44:23.700940,0
24,9,666.6954570762142,2026-03-27 06:04:44.700940,0
20,29,914.7143891128285,2026-03-05 06:12:18.700940,1
35,24,921.6692805003726,2026-03-12 17:00:56.700940,0
22,38,23.19985885157116,2026-03-20 03:59:27.700940,1
15,19,388.76730200419394,2026-03-12 16:53:28.700940,1
38,4,1011.9502630797488,2026-03-23 11:47:39.700940,0
44,0,161.34284036091844,2026-03-19 02:15:58.700940,1
41,29,1188.807213209259,2026-03-15 11:45:10.700940,1
38,48,1370.1266018170509,2026-04-02 02:45:06.700940,0
13,2,4015.6733423947194,2026-03-23 14:28:35.700940,1
30,44,235.5223470088314,2026-03-08 12:52:46.700940,1
4,13,1743.7162563350832,2026-03-21 10:35:15.700940,1
34,29,734.5872346201837,2026-03-28 01:26:54.700940,1
22,49,467.54680354575544,2026-03-25 21:26:03.700940,1
28,3,130.5378860112672,2026-03-09 19:13:33.700940,0
42,17,1329.9352244586698,2026-04-02 19:27:50.700940,1
10,36,269.00111862842186,2026-03-18 02:28:02.700940,1
17,24,464.295156620106,2026-03-09 09:49:10.700940,0
46,47,64.58356417585325,2026-03-10 01:03:45.700940,0
11,0,1616.295954233655,2026-03-07 14:03:03.700940,0
8,45,1454.952391408028,2026-03-28 17:51:16.700940,0
9,14,1322.8157641622172,2026-03-08 07:11:01.700940,0
43,8,355.88027476034887,2026-03-08 09:24:42.700940,0
16,14,190.5312534405305,2026-03-30 03:39:40.700940,0
37,48,1014.8777519532275,2026-03-14 23:26:11.700940,0
6,23,685.50919262352,2026-03-05 13:32:21.700940,1
45,3,196.32206845587268,2026-03-06 04:41:10.700940,1
12,11,1158.07975671672,2026-03-08 21:41:03.700940,1
39,36,4724.678288613939,2026-03-11 00:57:53.700940,0
41,36,1375.2341028682042,2026-03-24 14:13:36.700940,0
8,42,1347.0212904357957,2026-03-09 08:35:47.700940,0
49,5,3002.006977007545,2026-03-08 04:54:40.700940,0
26,38,226.82076344784574,2026-03-27 13:55:10.700940,0
1,45,833.6743349544702,2026-03-24 18:28:53.700940,1
4,23,3894.512956724497,2026-03-17 16:45:18.700940,1
28,10,180.67584488517866,2026-03-21 02:49:28.700940,0
36,12,1204.813022025057,2026-03-13 23:57:00.700940,0
37,33,881.4308256656763,2026-03-19 02:43:19.700940,0
18,24,883.0472027705562,2026-03-19 20:07:33.700940,0
7,6,1196.2382185693577,2026-03-16 06:07:57.700940,1
47,3,2653.802426471344,2026-03-31 20:03:13.700940,0
44,7,1525.9332343845176,2026-03-05 02:53:10.700940,0
0,19,57.77330057886936,2026-03-28 02:29:05.700940,0
21,28,1915.4741967970847,2026-03-08 08:52:38.700940,0
16,44,255.59098391349494,2026-03-28 13:33:20.700940,1
6,45,473.0709923759114,2026-03-23 02:46:41.700940,1
24,9,619.4002131264394,2026-03-29 22:28:54.700940,0
44,42,655.6702961330686,2026-03-07 13:31:55.700940,0
3,33,571.2488895372757,2026-03-21 09:47:15.700940,0
35,25,2770.2441802813123,2026-03-19 16:06:17.700940,1
5,40,1224.2401656519316,2026-03-25 19:46:50.700940,0
30,48,997.4211970742057,2026-03-20 16:00:39.700940,1
18,2,51.127021667353404,2026-03-20 20:39:01.700940,1
43,5,2342.5046850141766,2026-03-17 12:37:50.700940,0
38,4,2401.1928158144924,2026-03-13 21:40:56.700940,0
26,4,1515.0966720368144,2026-03-19 02:33:07.700940,1
9,46,7.054025050826497,2026-03-08 04:38:10.700940,1
25,22,58.98623148115015,2026-04-02 11:36:40.700940,0
18,48,255.18093938404164,2026-03-26 01:41:50.700940,1
38,8,140.81431529198198,2026-04-02 05:05:52.700940,0
2,34,508.88755254609254,2026-03-11 10:33:55.700940,0
44,19,2559.0664508808695,2026-03-31 00:26:49.700940,1
12,48,638.7734605332093,2026-03-28 21:39:01.700940,1
49,41,13.493252290406671,2026-03-24 22:52:17.700940,0
27,34,332.32481448903377,2026-03-23 09:20:33.700940,0
19,49,45.6198487260128,2026-03-14 03:14:14.700940,0
27,17,36.96239259785021,2026-03-29 03:08:14.700940,0
7,16,322.5770182014619,2026-03-19 16:24:46.700940,0
40,23,322.4285860816981,2026-03-06 18:21:48.700940,0
38,2,1547.057668396873,2026-03-14 00:34:59.700940,0
0,31,3682.287341158237,2026-04-01 16:44:08.700940,0
2,34,463.953319562455,2026-03-30 03:48:41.700940,0
12,37,560.167978371321,2026-04-03 02:17:37.700940,0
27,12,1862.9726083819594,2026-03-23 11:28:36.700940,0
48,46,312.16470122083325,2026-03-12 01:31:44.700940,0
24,49,170.05526162416928,2026-03-09 12:32:54.700940,1
32,8,1917.9325611536995,2026-03-10 05:54:00.700940,0
37,3,47.61646898124991,2026-03-05 05:34:28.700940,1
5,13,966.7933920516773,2026-03-16 08:36:46.700940,1
43,36,825.5200387545642,2026-03-10 09:08:58.700940,1
44,33,424.5262950168055,2026-03-16 23:42:48.700940,0
31,10,378.6131521358152,2026-04-01 16:31:03.700940,0
44,40,1477.7858366643723,2026-03-17 13:18:38.700940,1
46,2,90.38937866843591,2026-03-30 23:28:13.700940,0
20,27,270.2145999810218,2026-03-22 19:17:06.700940,0
15,28,1318.4440743298328,2026-03-12 01:15:22.700940,1
20,8,794.7826068228696,2026-03-15 07:32:13.700940,0
10,2,136.9523328407144,2026-03-07 03:44:37.700940,0
36,24,2138.2205890145647,2026-03-14 15:24:53.700940,0
35,33,499.9645634683069,2026-03-24 23:09:04.700940,0
34,11,1759.4958350758222,2026-03-06 19:14:29.700940,0
18,41,1549.8162193953858,2026-03-10 19:12:38.700940,1
19,8,979.2982828028527,2026-03-16 01:57:33.700940,1
17,14,682.1699144033885,2026-04-03 02:23:50.700940,1
46,39,3889.813491800166,2026-03-28 04:25:19.700940,0
40,24,156.6129598619991,2026-03-26 15:25:55.700940,1
48,4,1291.5506237178301,2026-03-08 02:58:44.700940,1
13,10,212.19211463670607,2026-03-28 01:38:19.700940,0
14,33,412.8872421244458,2026-03-28 04:42:54.700940,0
30,23,369.17957825909275,2026-03-22 16:06:56.700940,0
0,14,2938.1426100025574,2026-04-03 08:22:55.700940,1
2,37,3422.099653667242,2026-03-14 09:30:16.700940,1
15,7,202.13508789288662,2026-04-01 21:02:16.700940,0
22,4,22.281560818022385,2026-04-01 01:55:41.700940,1
10,47,1272.9943893076627,2026-03-04 23:35:15.700940,1
11,25,541.2675356450876,2026-03-18 03:24:20.700940,0
9,17,93.03703495314353,2026-04-02 22:50:12.700940,0
31,5,1151.2352210864694,2026-03-07 17:34:08.700940,0
15,36,787.6898171744608,2026-03-21 01:43:35.700940,0
7,47,3938.203852446895,2026-04-03 00:10:15.700940,0
37,12,258.0061196116377,2026-03-21 07:16:42.700940,1
11,27,517.4774923482576,2026-03-10 07:59:19.700940,0
23,4,782.0785159898804,2026-03-22 02:29:36.700940,1
27,12,1568.7758752824311,2026-03-10 18:31:07.700940,1
7,16,795.9302578233708,2026-03-20 05:30:31.700940,0
27,49,949.0726369551935,2026-03-06 20:37:55.700940,1
35,39,256.37341257692214,2026-03-22 19:16:09.700940,0
25,44,1876.7863096569574,2026-03-20 03:24:37.700940,1
7,31,559.7192504858203,2026-03-26 20:14:16.700940,0
49,28,151.93935870973326,2026-03-23 13:25:33.700940,0
27,2,1091.2035448297377,2026-03-21 03:02:17.700940,1
27,39,243.461639248668,2026-03-25 07:57:44.700940,1
36,33,102.65585459696952,2026-03-08 22:57:35.700940,0
40,39,1980.406731688779,2026-03-22 11:58:50.700940,0
35,26,616.4866743733279,2026-03-09 19:14:28.700940,0
26,12,1383.4333086197428,2026-04-01 09:41:51.700940,0
16,44,343.31820057753356,2026-03-06 16:31:19.700940,0
8,32,1546.3229114472986,2026-03-17 13:11:29.700940,0
32,5,118.71138433792662,2026-03-25 12:17:45.700940,0
19,23,440.01520869341743,2026-03-18 09:05:51.700940,0
12,18,3819.526688713557,2026-03-07 09:37:48.700940,0
27,15,1579.829190894885,2026-03-21 05:45:16.700940,0
47,39,687.6740461516823,2026-03-23 21:17:47.700940,0
28,27,415.17833648860136,2026-03-25 18:03:07.700940,0
12,32,2056.785733851438,2026-03-15 20:04:07.700940,0
45,47,787.1233205771035,2026-03-21 13:09:24.700940,1
34,40,1420.5753690659742,2026-03-18 03:48:57.700940,1
5,12,1402.861563741723,2026-03-24 19:12:07.700940,0
17,42,18.108655017579046,2026-03-22 03:28:57.700940,0
4,44,134.96531481987046,2026-03-20 09:51:58.700940,0
46,24,1077.720156259235,2026-03-12 02:58:45.700940,1
24,41,176.28359556796454,2026-03-04 16:46:29.700940,0
1,35,295.03348755028526,2026-03-09 20:39:37.700940,0
9,26,2930.65553852214,2026-03-08 03:36:33.700940,1
29,37,821.3948614634605,2026-03-18 02:39:45.700940,0
49,6,1389.216654861371,2026-03-23 00:08:51.700940,0
44,4,816.401820439065,2026-03-11 00:44:34.700940,0
4,42,804.1091658255245,2026-04-01 19:26:33.700940,0
32,44,98.88365821796539,2026-03-04 20:07:58.700940,0
0,30,421.08119589527155,2026-03-27 19:22:42.700940,0
17,22,331.88602753486725,2026-03-23 09:28:08.700940,0
31,41,495.49107724041806,2026-03-15 20:16:52.700940,0
46,9,1601.1929369738314,2026-03-06 03:40:25.700940,0
48,31,465.10790156834685,2026-03-23 11:06:43.700940,0
10,42,600.9268954430238,2026-03-16 04:57:48.700940,1
20,29,506.4707707271251,2026-04-01 17:26:02.700940,0
25,38,98.06273378042418,2026-03-20 21:33:16.700940,1
24,30,581.7348986865037,2026-04-01 19:52:14.700940,0
21,17,217.67014905226864,2026-03-11 06:04:11.700940,0
26,35,206.68387773745903,2026-03-26 09:50:39.700940,1
48,1,98.75582410215218,2026-03-23 03:44:27.700940,0
12,13,441.09898133087813,2026-03-26 19:41:44.700940,1
32,12,1416.6788694953373,2026-03-11 01:52:57.700940,0
33,28,323.5741426313319,2026-03-24 14:07:03.700940,0
40,11,374.4739853588885,2026-03-19 13:54:38.700940,0
34,38,1029.1085891587977,2026-03-26 22:09:20.700940,1
0,1,217.95803510657723,2026-03-14 10:47:37.700940,1
20,31,2272.6179316524713,2026-03-31 08:09:45.700940,0
47,12,734.3661773158988,2026-03-07 04:01:07.700940,0
5,45,593.4881802711172,2026-03-28 20:29:52.700940,0
27,26,816.0386740373568,2026-03-30 11:28:18.700940,0
16,48,181.56302065468097,2026-03-29 03:44:35.700940,0
4,40,950.5539143765279,2026-03-20 00:29:04.700940,0
30,16,451.1437781983739,2026-03-17 18:57:31.700940,0
4,39,2274.8370647935285,2026-04-03 12:37:49.700940,1
37,30,184.9500562872376,2026-03-11 12:19:31.700940,1
2,33,707.3497692686777,2026-03-21 01:04:20.700940,0
22,23,911.5834021785263,2026-03-24 18:12:28.700940,1
36,44,33.9535548758049,2026-03-25 15:56:46.700940,0
36,34,452.0743237666243,2026-03-10 18:13:09.700940,0
9,47,1319.1413907631934,2026-03-24 06:11:50.700940,1
9,5,1716.8978940344423,2026-03-29 04:32:51.700940,1
18,27,375.65681488133043,2026-03-06 03:20:06.700940,0
16,29,1602.4288949991362,2026-03-31 23:37:01.700940,0
20,6,3434.419488111305,2026-03-05 12:33:52.700940,0
13,9,1944.0294711648012,2026-03-15 07:37:14.700940,0
8,40,125.15966287396338,2026-03-05 02:42:25.700940,0
45,31,1346.0370011842206,2026-03-06 22:51:58.700940,0
0,33,385.17264850610246,2026-03-31 23:21:46.700940,0
44,27,4458.129529326464,2026-03-15 06:49:17.700940,0
12,14,664.2856760533616,2026-03-17 09:09:25.700940,0
3,29,130.6029969737606,2026-03-11 02:22:10.700940,1
0,36,1291.6591291412149,2026-03-22 13:13:50.700940,0
48,28,390.1005473975315,2026-03-22 11:34:47.700940,0
39,21,5835.540725367548,2026-03-15 19:18:21.700940,1
31,3,3901.204628392631,2026-03-14 15:06:24.700940,1
33,19,1067.5032847867049,2026-03-31 04:29:45.700940,0
27,31,139.06260326424479,2026-03-16 03:17:10.700940,0
30,35,1161.108090138929,2026-03-19 10:38:32.700940,0
7,49,97.64644184649377,2026-03-13 03:18:03.700940,1
38,3,29.803916154969478,2026-03-28 05:47:44.700940,1
25,26,1731.3708068515455,2026-03-16 13:29:03.700940,0
33,16,235.40965795813267,2026-03-20 01:07:17.700940,0
2,11,476.4678795149575,2026-03-12 05:44:19.700940,0
49,21,3629.003911890568,2026-04-03 06:26:11.700940,0
11,16,410.739747383436,2026-03-13 09:11:54.700940,0
0,9,351.6728769941904,2026-03-27 18:15:22.700940,0
43,0,2503.575835055121,2026-03-17 11:07:06.700940,0
4,21,117.3751198491779,2026-03-10 19:47:53.700940,0
29,25,1425.3779097575225,2026-03-28 15:07:09.700940,0
29,17,4428.327498556762,2026-03-14 15:31:06.700940,0
16,49,2315.629915676078,2026-03-30 14:15:39.700940,0
47,13,1054.59899763031,2026-04-01 02:18:24.700940,0
46,19,376.966277621837,2026-03-30 10:23:41.700940,1
22,28,293.46138210745204,2026-03-05 16:31:38.700940,0
14,11,1710.6686610611066,2026-03-28 06:13:49.700940,1
36,35,2118.7805859120676,2026-03-16 23:29:09.700940,0
20,34,745.3564997294728,2026-03-30 20:24:07.700940,0
13,11,280.16366105364017,2026-03-23 18:38:55.700940,0
1,6,119.84627212823057,2026-03-29 15:32:41.700940,1
10,28,91.21598707619601,2026-03-19 14:54:45.700940,0
38,10,1269.67626099565,2026-03-20 16:32:24.700940,0
37,32,544.9318995819615,2026-03-08 23:16:50.700940,0
33,5,2357.673730888019,2026-03-28 03:47:33.700940,0
37,46,1345.8102184559198,2026-03-17 05:16:55.700940,0
49,14,212.27831475180133,2026-03-19 15:22:45.700940,0
33,31,951.3414405150049,2026-03-28 04:35:31.700940,1
17,10,571.8245577919078,2026-03-22 14:29:25.700940,1
29,22,860.9736543464369,2026-03-10 16:06:45.700940,0
14,25,1339.6746395665,2026-03-22 08:17:21.700940,0
26,33,1640.9073259009224,2026-03-16 20:49:02.700940,1
33,45,1856.2168826579805,2026-03-18 17:22:48.700940,1
37,33,292.99599914718306,2026-03-05 11:42:20.700940,1
32,28,31.609972368290197,2026-03-10 22:32:34.700940,0
23,3,1344.3647632514808,2026-03-13 01:40:08.700940,0
14,16,112.43405901093884,2026-03-26 00:39:10.700940,0
29,34,378.21905872326926,2026-03-04 23:35:46.700940,0
41,12,3.8244379732470217,2026-03-16 21:38:28.700940,0
16,40,1144.6650724493272,2026-04-01 08:37:15.700940,1
4,38,182.88012653045382,2026-03-07 23:52:32.700940,1
28,14,1065.0297759857647,2026-03-20 03:08:50.700940,1
3,28,4796.647590062952,2026-03-28 05:37:04.700940,0
9,28,75.44672962359813,2026-04-01 21:56:39.700940,0
16,10,80.21056804204889,2026-03-27 01:00:03.700940,1
9,31,416.0915078344125,2026-03-26 06:07:43.700940,0
16,1,2012.8040817413453,2026-03-29 10:23:35.700940,0
19,46,242.74678120032254,2026-03-18 00:35:11.700940,0
23,13,446.87762059100464,2026-03-28 19:31:47.700940,1
4,19,70.9648931730975,2026-03-04 21:03:21.700940,0
33,21,1440.3505899881159,2026-04-01 09:00:20.700940,0
5,10,524.7662489098439,2026-03-17 22:30:08.700940,1
1,26,1423.9909658498063,2026-03-21 05:45:19.700940,0
12,2,2339.3304535686557,2026-03-12 06:50:12.700940,1
42,16,264.95972098431844,2026-03-26 21:56:37.700940,0
42,43,1647.1191689268342,2026-03-06 22:29:58.700940,0
47,27,60.911921291120976,2026-03-30 19:37:10.700940,0
10,28,2291.1248944486297,2026-03-29 11:33:56.700940,0
46,20,1052.0203890806156,2026-03-11 02:53:05.700940,0
22,46,2073.274390815202,2026-03-28 22:02:06.700940,0
15,46,0.1884173060077152,2026-03-28 05:29:57.700940,0
30,36,185.22304647417857,2026-03-23 14:31:03.700940,0
10,19,493.9019527466683,2026-03-15 20:15:22.700940,0
15,5,477.2343534374126,2026-03-12 18:48:02.700940,0
7,18,257.12749809571085,2026-03-11 14:12:21.700940,0
3,4,480.63908957190534,2026-03-14 04:43:12.700940,0
39,2,137.93962260918437,2026-03-31 17:53:01.700940,0
3,0,532.3236071186968,2026-03-06 23:13:22.700940,0
24,37,1621.2793926377526,2026-03-29 12:06:32.700940,0
2,14,652.1397243971982,2026-03-15 02:31:21.700940,0
31,33,18.16406120325061,2026-03-20 06:52:23.700940,0
2,34,547.2200068263791,2026-03-28 11:21:04.700940,0
26,48,27.551085627618278,2026-03-31 04:04:22.700940,0
28,24,3388.5796424030277,2026-03-14 23:33:51.700940,0
31,23,136.33985772798914,2026-03-18 11:50:56.700940,0
49,11,1229.9346703740707,2026-03-17 01:46:23.700940,0
18,17,3603.66820242123,2026-03-05 00:51:44.700940,0
20,14,1748.924439822237,2026-03-13 12:24:01.700940,0
4,43,1201.6933214096382,2026-03-18 09:56:16.700940,0
17,15,1829.217811554296,2026-03-16 23:18:32.700940,1
27,26,4006.261888610189,2026-03-26 07:06:38.700940,1
41,7,971.1284509873751,2026-03-16 04:22:48.700940,1
21,45,819.1295544718216,2026-03-19 07:40:21.700940,0
20,24,989.501711539402,2026-03-17 12:38:23.700940,1
5,16,760.7322294120064,2026-03-26 20:34:20.700940,1
0,28,1008.102080983246,2026-03-30 12:39:42.700940,0
4,7,597.5501473066585,2026-03-20 14:16:54.700940,0
40,14,246.46742911879426,2026-03-28 07:42:46.700940,0
11,26,128.11435019851294,2026-03-13 13:00:29.700940,0
25,45,70.78834187851776,2026-03-20 21:06:28.700940,1
45,49,305.59595046275354,2026-03-14 23:53:14.700940,0
33,6,47.22113828709722,2026-03-17 01:32:46.700940,0
48,2,837.4120396793573,2026-03-26 14:39:34.700940,0
13,28,333.8355415916171,2026-03-31 02:07:07.700940,0
25,43,1740.3145924257826,2026-03-08 06:47:54.700940,0
44,23,77.14120019125372,2026-03-23 16:15:42.700940,0
26,2,256.6376355955139,2026-03-22 02:27:54.700940,0
8,19,1310.2453916841587,2026-03-08 04:34:49.700940,1
25,45,913.3159020301312,2026-03-10 23:53:08.700940,1
46,14,66.6648027387457,2026-03-13 23:14:36.700940,1
21,24,2097.519627296752,2026-03-09 15:30:43.700940,1
46,29,2097.7013444037734,2026-03-11 22:48:24.700940,0
29,13,401.0867130978068,2026-03-12 15:59:39.700940,1
42,6,416.13054726492817,2026-03-14 17:00:24.700940,0
47,16,4512.441366864304,2026-03-27 02:52:58.700940,1
16,43,983.9706395855906,2026-03-21 19:05:54.700940,1
25,19,757.8276223129634,2026-04-03 05:25:09.700940,0
35,6,1821.0987899083327,2026-03-17 01:55:53.700940,1
0,8,335.8788863885267,2026-03-27 06:06:16.700940,0
7,37,560.6858987434354,2026-03-30 18:46:44.700940,0
48,47,311.6697234200546,2026-03-25 00:11:10.700940,1
34,21,1556.6597423168494,2026-03-16 23:51:51.700940,1
14,1,851.7897402733503,2026-03-27 05:54:35.700940,0
46,23,1075.3599424418321,2026-03-10 17:57:43.700940,1
21,7,290.7631472107927,2026-03-14 11:09:33.700940,1
13,10,248.75024894272963,2026-03-21 00:56:06.700940,1
25,12,670.1626189960019,2026-03-21 21:36:59.700940,1
27,16,1337.754701058571,2026-03-05 07:15:48.700940,0
22,7,744.9453550520307,2026-04-01 23:48:13.700940,0
13,20,33.1904365218015,2026-03-25 12:53:35.700940,0
23,17,2029.1401871361786,2026-03-19 12:13:42.700940,1
1,29,66.87393250513243,2026-04-01 15:10:23.700940,1
44,17,3119.5845737083328,2026-03-17 19:28:13.700940,0
25,45,25.463416817841797,2026-04-03 01:14:06.700940,0
13,46,1185.6433404608795,2026-03-20 00:10:00.700940,0
6,30,85.78347340292953,2026-03-08 01:36:26.700940,0
2,37,2415.4915571225206,2026-03-27 13:58:42.700940,0
46,31,624.4297212831349,2026-03-25 00:07:40.700940,0
22,10,147.94769546177918,2026-03-27 19:52:19.700940,0
45,44,416.75211709926293,2026-04-02 04:21:35.700940,0
42,24,180.11360652722587,2026-03-27 22:23:38.700940,0
46,32,187.03092233736663,2026-03-22 23:29:02.700940,1
44,37,2958.5968132500516,2026-03-30 08:35:02.700940,0
17,40,589.2307091449376,2026-03-24 20:03:32.700940,0
37,7,1554.9604464563438,2026-03-16 21:10:02.700940,0
34,10,1020.5561839377111,2026-03-31 04:58:04.700940,0
14,21,1128.3285629333545,2026-03-11 07:05:23.700940,0
24,23,141.2104451918595,2026-03-26 01:51:48.700940,1
36,40,266.81393042395723,2026-03-31 02:02:50.700940,0
27,16,1545.2916642619325,2026-03-26 13:52:10.700940,0
9,11,3532.4299263703456,2026-03-25 13:21:35.700940,0
38,45,304.7273785884279,2026-03-27 05:13:16.700940,0
16,31,316.862050047871,2026-03-18 14:09:41.700940,0
38,14,640.3595555814253,2026-03-30 20:43:28.700940,0
21,15,4125.235585942794,2026-03-10 17:47:45.700940,0
25,21,313.2856591492713,2026-03-08 11:02:23.700940,0
43,27,522.5135111809751,2026-03-13 04:53:16.700940,0
24,19,2220.8209351603327,2026-03-20 14:03:26.700940,0
16,32,2.9253071632297605,2026-03-19 22:55:34.700940,1
12,9,40.57823776110793,2026-03-29 06:09:09.700940,0
19,39,926.5220868157221,2026-03-16 18:36:39.700940,1
24,31,2379.2519563034616,2026-03-19 04:02:58.700940,0
3,49,272.9335819610999,2026-03-05 00:56:47.700940,0
9,32,634.2026039225076,2026-03-16 22:20:02.700940,0
2,1,598.6833618323477,2026-03-24 01:43:08.700940,0
40,32,640.5003601835891,2026-03-05 02:29:15.700940,1
44,32,974.2368857727046,2026-03-13 01:33:24.700940,1
17,40,634.3949232127145,2026-03-10 21:03:00.700940,0
46,12,593.2441844878803,2026-03-05 21:33:04.700940,0
35,29,643.0025444471854,2026-03-19 00:23:20.700940,0
46,32,893.7160709780628,2026-03-10 02:09:44.700940,1
21,12,770.0443985717467,2026-03-26 22:20:25.700940,1
33,25,1925.0805821377933,2026-03-30 01:49:47.700940,1
46,21,50.76380668950239,2026-03-21 00:08:34.700940,1
7,38,1791.6619028258863,2026-04-03 02:09:03.700940,0
39,1,1857.4161359725308,2026-03-18 03:39:58.700940,0
48,37,335.34410334626165,2026-03-20 00:56:48.700940,0
43,38,621.4815334849787,2026-04-03 07:33:30.700940,0
18,25,577.2120530789945,2026-03-11 14:02:11.700940,1
41,45,246.5527131462082,2026-04-01 21:57:17.700940,0
40,49,505.50123532313296,2026-03-05 22:09:52.700940,1
36,14,45.40306764212682,2026-03-18 00:43:12.700940,1
5,33,325.483733859424,2026-03-06 17:43:27.700940,0
25,41,1696.533886369504,2026-03-26 12:22:14.700940,1
33,43,334.86075821833674,2026-03-22 21:22:33.700940,1
44,48,1704.8847796950915,2026-03-25 20:05:54.700940,0
5,39,758.431504228551,2026-03-15 20:56:51.700940,0
36,10,2119.119835151876,2026-03-15 17:20:55.700940,0
